statement ok
create table test_copy (a int primary key, b float, c varchar(10))

# copy data from tbl file
query I
COPY test_copy FROM 'tests/data/copy.tbl' ( DELIMITER '|' );
----
import 2 rows

query I
SELECT * FROM test_copy
----
0 1.5 one
1 2.5 two

statement ok
create table test_csv (a int primary key, b int, c int)

query I
COPY test_csv FROM 'tests/data/row_20000.csv' ( DELIMITER '|' );
----
import 20000 rows

query I
SELECT count(*) FROM test_csv
----
20000